,id,seq,pred_label,dense
0,LYSC_CHICK_1,MRSLLILVLCFLP,1,0.999365049
1,LYSC_CHICK_2,RSLLILVLCFLPL,0,0.006971061
2,LYSC_CHICK_3,SLLILVLCFLPLA,0,0.000990868
3,LYSC_CHICK_4,LLILVLCFLPLAA,0,0.000876129
4,LYSC_CHICK_5,LILVLCFLPLAAL,0,0.001194835
5,LYSC_CHICK_6,ILVLCFLPLAALG,0,0.000819981
6,LYSC_CHICK_7,LVLCFLPLAALGK,1,0.999149095
7,LYSC_CHICK_8,VLCFLPLAALGKV,1,0.99901114
8,LYSC_CHICK_9,LCFLPLAALGKVF,1,0.999894453
9,LYSC_CHICK_10,CFLPLAALGKVFG,1,1.00E+00
10,LYSC_CHICK_11,FLPLAALGKVFGR,1,1.00E+00
11,LYSC_CHICK_12,LPLAALGKVFGRC,1,1.00E+00
12,LYSC_CHICK_13,PLAALGKVFGRCE,1,0.985454487
13,LYSC_CHICK_14,LAALGKVFGRCEL,1,0.920182131
14,LYSC_CHICK_15,AALGKVFGRCELA,0,0.073829651
15,LYSC_CHICK_16,ALGKVFGRCELAA,0,0.023870826
16,LYSC_CHICK_17,LGKVFGRCELAAA,0,0.002725542
17,LYSC_CHICK_18,GKVFGRCELAAAM,0,0.005189776
18,LYSC_CHICK_19,KVFGRCELAAAMK,0,0.002392054
19,LYSC_CHICK_20,VFGRCELAAAMKR,0,0.001460791
20,LYSC_CHICK_21,FGRCELAAAMKRH,0,0.000813544
21,LYSC_CHICK_22,GRCELAAAMKRHG,0,0.002472579
22,LYSC_CHICK_23,RCELAAAMKRHGL,0,0.001115978
23,LYSC_CHICK_24,CELAAAMKRHGLD,0,0.000312567
24,LYSC_CHICK_25,ELAAAMKRHGLDN,0,0.000255167
25,LYSC_CHICK_26,LAAAMKRHGLDNY,0,0.000563681
26,LYSC_CHICK_27,AAAMKRHGLDNYR,0,0.000400484
27,LYSC_CHICK_28,AAMKRHGLDNYRG,0,0.000519335
28,LYSC_CHICK_29,AMKRHGLDNYRGY,0,0.000877917
29,LYSC_CHICK_30,MKRHGLDNYRGYS,0,0.000581503
30,LYSC_CHICK_31,KRHGLDNYRGYSL,0,0.002641976
31,LYSC_CHICK_32,RHGLDNYRGYSLG,0,0.000898719
32,LYSC_CHICK_33,HGLDNYRGYSLGN,0,0.000796258
33,LYSC_CHICK_34,GLDNYRGYSLGNW,0,0.001281738
34,LYSC_CHICK_35,LDNYRGYSLGNWV,0,0.000941813
35,LYSC_CHICK_36,DNYRGYSLGNWVC,0,0.002401412
36,LYSC_CHICK_37,NYRGYSLGNWVCA,0,0.003510654
37,LYSC_CHICK_38,YRGYSLGNWVCAA,0,0.002773821
38,LYSC_CHICK_39,RGYSLGNWVCAAK,1,0.991220891
39,LYSC_CHICK_40,GYSLGNWVCAAKF,1,0.59383747
40,LYSC_CHICK_41,YSLGNWVCAAKFE,0,0.000720799
41,LYSC_CHICK_42,SLGNWVCAAKFES,0,0.00091815
42,LYSC_CHICK_43,LGNWVCAAKFESN,0,0.000677228
43,LYSC_CHICK_44,GNWVCAAKFESNF,0,0.001570046
44,LYSC_CHICK_45,NWVCAAKFESNFN,0,0.000631273
45,LYSC_CHICK_46,WVCAAKFESNFNT,0,0.00027746
46,LYSC_CHICK_47,VCAAKFESNFNTQ,0,0.000361204
47,LYSC_CHICK_48,CAAKFESNFNTQA,0,0.000401318
48,LYSC_CHICK_49,AAKFESNFNTQAT,0,0.000340581
49,LYSC_CHICK_50,AKFESNFNTQATN,0,0.000748098
50,LYSC_CHICK_51,KFESNFNTQATNR,0,0.001582384
51,LYSC_CHICK_52,FESNFNTQATNRN,0,0.000613093
52,LYSC_CHICK_53,ESNFNTQATNRNT,0,0.000352859
53,LYSC_CHICK_54,SNFNTQATNRNTD,0,0.000558197
54,LYSC_CHICK_55,NFNTQATNRNTDG,0,0.000311375
55,LYSC_CHICK_56,FNTQATNRNTDGS,0,0.0002684
56,LYSC_CHICK_57,NTQATNRNTDGST,0,0.000214875
57,LYSC_CHICK_58,TQATNRNTDGSTD,0,0.000143766
58,LYSC_CHICK_59,QATNRNTDGSTDY,0,0.000183046
59,LYSC_CHICK_60,ATNRNTDGSTDYG,0,0.00017947
60,LYSC_CHICK_61,TNRNTDGSTDYGI,0,0.000154138
61,LYSC_CHICK_62,NRNTDGSTDYGIL,0,0.000177443
62,LYSC_CHICK_63,RNTDGSTDYGILQ,0,0.000229657
63,LYSC_CHICK_64,NTDGSTDYGILQI,0,0.000192583
64,LYSC_CHICK_65,TDGSTDYGILQIN,0,0.000177443
65,LYSC_CHICK_66,DGSTDYGILQINS,0,0.000176728
66,LYSC_CHICK_67,GSTDYGILQINSR,0,0.000432193
67,LYSC_CHICK_68,STDYGILQINSRW,0,0.000805676
68,LYSC_CHICK_69,TDYGILQINSRWW,0,0.001012266
69,LYSC_CHICK_70,DYGILQINSRWWC,0,0.001232743
70,LYSC_CHICK_71,YGILQINSRWWCN,0,0.00503093
71,LYSC_CHICK_72,GILQINSRWWCND,0,0.00163573
72,LYSC_CHICK_73,ILQINSRWWCNDG,0,0.001533747
73,LYSC_CHICK_74,LQINSRWWCNDGR,0,0.00891614
74,LYSC_CHICK_75,QINSRWWCNDGRT,0,0.006784379
75,LYSC_CHICK_76,INSRWWCNDGRTP,0,0.003191292
76,LYSC_CHICK_77,NSRWWCNDGRTPG,0,0.008594155
77,LYSC_CHICK_78,SRWWCNDGRTPGS,0,0.005641878
78,LYSC_CHICK_79,RWWCNDGRTPGSR,0,0.001600921
79,LYSC_CHICK_80,WWCNDGRTPGSRN,0,0.000423014
80,LYSC_CHICK_81,WCNDGRTPGSRNL,0,0.000246346
81,LYSC_CHICK_82,CNDGRTPGSRNLC,0,0.002359629
82,LYSC_CHICK_83,NDGRTPGSRNLCN,0,0.000478387
83,LYSC_CHICK_84,DGRTPGSRNLCNI,0,0.000284612
84,LYSC_CHICK_85,GRTPGSRNLCNIP,0,0.00103426
85,LYSC_CHICK_86,RTPGSRNLCNIPC,1,0.870707244
86,LYSC_CHICK_87,TPGSRNLCNIPCS,0,0.00091815
87,LYSC_CHICK_88,PGSRNLCNIPCSA,0,0.000881374
88,LYSC_CHICK_89,GSRNLCNIPCSAL,0,0.000709653
89,LYSC_CHICK_90,SRNLCNIPCSALL,0,0.000626266
90,LYSC_CHICK_91,RNLCNIPCSALLS,0,0.0012995
91,LYSC_CHICK_92,NLCNIPCSALLSS,0,0.003285766
92,LYSC_CHICK_93,LCNIPCSALLSSD,0,0.000375628
93,LYSC_CHICK_94,CNIPCSALLSSDI,0,0.000399768
94,LYSC_CHICK_95,NIPCSALLSSDIT,0,0.000330091
95,LYSC_CHICK_96,IPCSALLSSDITA,0,0.000548542
96,LYSC_CHICK_97,PCSALLSSDITAS,0,0.00096041
97,LYSC_CHICK_98,CSALLSSDITASV,0,0.008077621
98,LYSC_CHICK_99,SALLSSDITASVN,0,0.000656426
99,LYSC_CHICK_100,ALLSSDITASVNC,0,0.000583768
100,LYSC_CHICK_101,LLSSDITASVNCA,0,0.000552833
101,LYSC_CHICK_102,LSSDITASVNCAK,0,0.000458241
102,LYSC_CHICK_103,SSDITASVNCAKK,0,0.000521362
103,LYSC_CHICK_104,SDITASVNCAKKI,0,0.000702739
104,LYSC_CHICK_105,DITASVNCAKKIV,0,0.00093621
105,LYSC_CHICK_106,ITASVNCAKKIVS,1,0.996307147
106,LYSC_CHICK_107,TASVNCAKKIVSD,0,0.001831532
107,LYSC_CHICK_108,ASVNCAKKIVSDG,0,0.001704037
108,LYSC_CHICK_109,SVNCAKKIVSDGN,0,0.002204061
109,LYSC_CHICK_110,VNCAKKIVSDGNG,0,0.002364278
110,LYSC_CHICK_111,NCAKKIVSDGNGM,0,0.000564754
111,LYSC_CHICK_112,CAKKIVSDGNGMN,0,0.000549614
112,LYSC_CHICK_113,AKKIVSDGNGMNA,0,0.001075447
113,LYSC_CHICK_114,KKIVSDGNGMNAW,0,0.00474596
114,LYSC_CHICK_115,KIVSDGNGMNAWV,0,0.000829577
115,LYSC_CHICK_116,IVSDGNGMNAWVA,0,0.001383066
116,LYSC_CHICK_117,VSDGNGMNAWVAW,0,0.003033698
117,LYSC_CHICK_118,SDGNGMNAWVAWR,0,0.016324461
118,LYSC_CHICK_119,DGNGMNAWVAWRN,0,0.035813212
119,LYSC_CHICK_120,GNGMNAWVAWRNR,1,0.991355822
120,LYSC_CHICK_121,NGMNAWVAWRNRC,1,0.997575086
121,LYSC_CHICK_122,GMNAWVAWRNRCK,1,1.00E+00
122,LYSC_CHICK_123,MNAWVAWRNRCKG,1,0.999598665
123,LYSC_CHICK_124,NAWVAWRNRCKGT,1,0.999895274
124,LYSC_CHICK_125,AWVAWRNRCKGTD,1,0.956186365
125,LYSC_CHICK_126,WVAWRNRCKGTDV,0,0.043002665
126,LYSC_CHICK_127,VAWRNRCKGTDVQ,0,0.000859261
127,LYSC_CHICK_128,AWRNRCKGTDVQA,0,0.00077486
128,LYSC_CHICK_129,WRNRCKGTDVQAW,0,0.001874864
129,LYSC_CHICK_130,RNRCKGTDVQAWI,0,0.001257002
130,LYSC_CHICK_131,NRCKGTDVQAWIR,0,0.000988841
131,LYSC_CHICK_132,RCKGTDVQAWIRG,0,0.004848599
132,LYSC_CHICK_133,CKGTDVQAWIRGC,0,0.000969768
133,LYSC_CHICK_134,KGTDVQAWIRGCR,0,0.069163501
134,LYSC_CHICK_135,GTDVQAWIRGCRL,0,0.002768338
135,187_1,MKNKVTDAQMQKM,0,0.011375546
136,187_2,KNKVTDAQMQKMG,0,0.006073892
137,187_3,NKVTDAQMQKMGW,0,0.031469643
138,187_4,KVTDAQMQKMGWK,0,0.176813662
139,187_5,VTDAQMQKMGWKS,0,0.007431746
140,187_6,TDAQMQKMGWKSY,0,0.090896785
141,187_7,DAQMQKMGWKSYN,0,0.001319826
142,187_8,AQMQKMGWKSYNL,0,0.488283396
143,187_9,QMQKMGWKSYNLN,0,0.017969012
144,187_10,MQKMGWKSYNLND,0,0.000550687
145,187_11,QKMGWKSYNLNDL,0,0.001687527
146,187_12,KMGWKSYNLNDLN,0,0.006388366
147,187_13,MGWKSYNLNDLNN,0,0.003273129
148,187_14,GWKSYNLNDLNNC,0,0.004895926
149,187_15,WKSYNLNDLNNCI,0,0.000573635
150,187_16,KSYNLNDLNNCIK,0,0.000678539
151,187_17,SYNLNDLNNCIKK,0,0.003069341
152,187_18,YNLNDLNNCIKKF,1,0.61236763
153,187_19,NLNDLNNCIKKFG,1,0.798579752
154,187_20,LNDLNNCIKKFGI,0,0.016137302
155,187_21,NDLNNCIKKFGIN,0,0.1304515
156,187_22,DLNNCIKKFGINT,0,0.005533397
157,187_23,LNNCIKKFGINTV,0,0.075244308
158,187_24,NNCIKKFGINTVK,1,0.963471875
159,187_25,NCIKKFGINTVKR,1,0.999883627
160,187_26,CIKKFGINTVKRI,1,1.00E+00
161,187_27,IKKFGINTVKRIR,1,0.999828692
162,187_28,KKFGINTVKRIRH,1,0.999474577
163,187_29,KFGINTVKRIRHF,1,0.999755587
164,187_30,FGINTVKRIRHFI,1,0.99597709
165,187_31,GINTVKRIRHFIA,1,0.99597709
166,187_32,INTVKRIRHFIAQ,1,0.719334334
167,187_33,NTVKRIRHFIAQC,1,0.906239055
168,187_34,TVKRIRHFIAQCS,0,0.027454555
169,187_35,VKRIRHFIAQCSH,0,0.006810665
170,187_36,KRIRHFIAQCSHE,0,0.000191867
171,187_37,RIRHFIAQCSHES,0,0.000137687
172,187_38,IRHFIAQCSHESA,0,0.000172019
173,187_39,RHFIAQCSHESAL,0,0.000215709
174,187_40,HFIAQCSHESALG,0,0.000201046
175,187_41,FIAQCSHESALGR,0,0.00022167
176,187_42,IAQCSHESALGRY,0,0.000386655
177,187_43,AQCSHESALGRYT,0,0.00031507
178,187_44,QCSHESALGRYTQ,0,0.000367641
179,187_45,CSHESALGRYTQE,0,0.000195563
180,187_46,SHESALGRYTQEL,0,0.060640514
181,187_47,HESALGRYTQELG,0,0.000777841
182,187_48,ESALGRYTQELGG,0,0.000808775
183,187_49,SALGRYTQELGGP,0,0.00234139
184,187_50,ALGRYTQELGGPS,0,0.000337958
185,187_51,LGRYTQELGGPSY,0,0.000295937
186,187_52,GRYTQELGGPSYC,0,0.000547469
187,187_53,RYTQELGGPSYCS,0,0.000358343
188,187_54,YTQELGGPSYCSK,0,0.000464559
189,187_55,TQELGGPSYCSKY,0,0.00099653
190,187_56,QELGGPSYCSKYD,0,0.000343323
191,187_57,ELGGPSYCSKYDG,0,0.000395834
192,187_58,LGGPSYCSKYDGR,0,0.001372337
193,187_59,GGPSYCSKYDGRR,0,0.007815897
194,187_60,GPSYCSKYDGRRD,0,0.00055927
195,187_61,PSYCSKYDGRRDL,0,0.000481248
196,187_62,SYCSKYDGRRDLG,0,0.000378489
197,187_63,YCSKYDGRRDLGN,0,0.000402153
198,187_64,CSKYDGRRDLGNT,0,0.000745118
199,187_65,SKYDGRRDLGNTQ,0,0.00090754
200,187_66,KYDGRRDLGNTQK,0,0.000739396
201,187_67,YDGRRDLGNTQKG,0,0.000339985
202,187_68,DGRRDLGNTQKGD,0,0.000308871
203,187_69,GRRDLGNTQKGDG,0,0.000522316
204,187_70,RRDLGNTQKGDGC,0,0.00042969
205,187_71,RDLGNTQKGDGCK,0,0.000405252
206,187_72,DLGNTQKGDGCKF,0,0.000412405
207,187_73,LGNTQKGDGCKFK,0,0.000837684
208,187_74,GNTQKGDGCKFKG,0,0.001810253
209,187_75,NTQKGDGCKFKGA,0,0.00102818
210,187_76,TQKGDGCKFKGAG,0,0.04764688
211,187_77,QKGDGCKFKGAGY,0,0.281553745
212,187_78,KGDGCKFKGAGYI,0,0.007289052
213,187_79,GDGCKFKGAGYIQ,0,0.000478387
214,187_80,DGCKFKGAGYIQL,0,0.000701427
215,187_81,GCKFKGAGYIQLT,0,0.001215994
216,187_82,CKFKGAGYIQLTG,0,0.001257002
217,187_83,KFKGAGYIQLTGR,0,0.007190824
218,187_84,FKGAGYIQLTGRY,0,0.002030909
219,187_85,KGAGYIQLTGRYN,0,0.001006424
220,187_86,GAGYIQLTGRYNY,0,0.001629293
221,187_87,AGYIQLTGRYNYQ,0,0.000788569
222,187_88,GYIQLTGRYNYQQ,0,0.000690579
223,187_89,YIQLTGRYNYQQF,0,0.00078392
224,187_90,IQLTGRYNYQQFA,0,0.000354886
225,187_91,QLTGRYNYQQFAN,0,0.00042218
226,187_92,LTGRYNYQQFANY,0,0.00044769
227,187_93,TGRYNYQQFANYI,0,0.00078094
228,187_94,GRYNYQQFANYIK,0,0.129018188
229,187_95,RYNYQQFANYIKD,0,0.00078392
230,187_96,YNYQQFANYIKDK,0,0.019289672
231,187_97,NYQQFANYIKDKR,0,0.012455583
232,187_98,YQQFANYIKDKRV,0,0.001849473
233,187_99,QQFANYIKDKRVM,0,0.005819917
234,187_100,QFANYIKDKRVME,0,0.000543177
235,187_101,FANYIKDKRVMEG,0,0.000235021
236,187_102,ANYIKDKRVMEGV,0,0.000262201
237,187_103,NYIKDKRVMEGVS,0,0.000246346
238,187_104,YIKDKRVMEGVSY,0,0.001038313
239,187_105,IKDKRVMEGVSYV,0,0.000368357
240,187_106,KDKRVMEGVSYVS,0,0.00042969
241,187_107,DKRVMEGVSYVSK,0,0.00091815
242,187_108,KRVMEGVSYVSKK,0,0.160726547
243,187_109,RVMEGVSYVSKKY,1,0.542946607
244,187_110,VMEGVSYVSKKYP,0,0.051510513
245,187_111,MEGVSYVSKKYPW,0,0.000898719
246,187_112,EGVSYVSKKYPWT,0,0.358465374
247,187_113,GVSYVSKKYPWTS,1,0.999464219
248,187_114,VSYVSKKYPWTSA,1,0.995263251
249,187_115,SYVSKKYPWTSAG,1,0.990347696
250,187_116,YVSKKYPWTSAGF,1,0.952794228
251,187_117,VSKKYPWTSAGFW,1,1.00E+00
252,187_118,SKKYPWTSAGFWW,1,1.00E+00
253,187_119,KKYPWTSAGFWWN,1,1.00E+00
254,187_120,KYPWTSAGFWWNK,1,1.00E+00
255,187_121,YPWTSAGFWWNKN,1,0.854763448
256,187_122,PWTSAGFWWNKNG,1,0.991186834
257,187_123,WTSAGFWWNKNGM,0,0.248215139
258,187_124,TSAGFWWNKNGMN,0,0.032436192
259,187_125,SAGFWWNKNGMNK,1,0.70319289
260,187_126,AGFWWNKNGMNKL,1,0.873538822
261,187_127,GFWWNKNGMNKLC,1,0.999816215
262,187_128,FWWNKNGMNKLCD,1,0.968589872
263,187_129,WWNKNGMNKLCDS,0,0.008711457
264,187_130,WNKNGMNKLCDSG,0,0.001671135
265,187_131,NKNGMNKLCDSGA,0,0.00119257
266,187_132,KNGMNKLCDSGAS,0,0.000949204
267,187_133,NGMNKLCDSGASV,0,0.001208961
268,187_134,GMNKLCDSGASVE,0,0.000300646
269,187_135,MNKLCDSGASVEV,0,0.000405252
270,187_136,NKLCDSGASVEVI,0,0.000209033
271,187_137,KLCDSGASVEVIT,0,0.0002684
272,187_138,LCDSGASVEVITK,0,0.000210702
273,187_139,CDSGASVEVITKR,0,0.000225127
274,187_140,DSGASVEVITKRV,0,0.000276983
275,187_141,SGASVEVITKRVN,0,0.000220835
276,187_142,GASVEVITKRVNG,0,0.000627577
277,187_143,ASVEVITKRVNGG,0,0.000485897
278,187_144,SVEVITKRVNGGY,0,0.000505328
279,187_145,VEVITKRVNGGYN,0,0.000943601
280,187_146,EVITKRVNGGYNG,0,0.003456414
281,187_147,VITKRVNGGYNGL,1,0.969928158
282,187_148,ITKRVNGGYNGLA,0,0.033148587
283,187_149,TKRVNGGYNGLAD,0,0.001367033
284,187_150,KRVNGGYNGLADR,0,0.020023465
285,187_151,RVNGGYNGLADRK,0,0.165728092
286,187_152,VNGGYNGLADRKK,1,0.729905009
287,187_153,NGGYNGLADRKKY,0,0.111337781
288,187_154,GGYNGLADRKKYY,1,0.957793999
289,187_155,GYNGLADRKKYYQ,0,0.139748156
290,187_156,YNGLADRKKYYQR,0,0.376107395
291,187_157,NGLADRKKYYQRA,0,0.007460654
292,187_158,GLADRKKYYQRAC,0,0.001764894
293,187_159,LADRKKYYQRACG,0,0.001058757
294,187_160,ADRKKYYQRACGI,0,0.000943601
295,187_161,DRKKYYQRACGIF,0,0.043528199
296,187_162,RKKYYQRACGIFK,1,0.994269754
