id,seq
LYSC_CHICK_1,MRSLLILVLCFLP
LYSC_CHICK_2,RSLLILVLCFLPL
LYSC_CHICK_3,SLLILVLCFLPLA
LYSC_CHICK_4,LLILVLCFLPLAA
LYSC_CHICK_5,LILVLCFLPLAAL
LYSC_CHICK_6,ILVLCFLPLAALG
LYSC_CHICK_7,LVLCFLPLAALGK
LYSC_CHICK_8,VLCFLPLAALGKV
LYSC_CHICK_9,LCFLPLAALGKVF
LYSC_CHICK_10,CFLPLAALGKVFG
LYSC_CHICK_11,FLPLAALGKVFGR
LYSC_CHICK_12,LPLAALGKVFGRC
LYSC_CHICK_13,PLAALGKVFGRCE
LYSC_CHICK_14,LAALGKVFGRCEL
LYSC_CHICK_15,AALGKVFGRCELA
LYSC_CHICK_16,ALGKVFGRCELAA
LYSC_CHICK_17,LGKVFGRCELAAA
LYSC_CHICK_18,GKVFGRCELAAAM
LYSC_CHICK_19,KVFGRCELAAAMK
LYSC_CHICK_20,VFGRCELAAAMKR
LYSC_CHICK_21,FGRCELAAAMKRH
LYSC_CHICK_22,GRCELAAAMKRHG
LYSC_CHICK_23,RCELAAAMKRHGL
LYSC_CHICK_24,CELAAAMKRHGLD
LYSC_CHICK_25,ELAAAMKRHGLDN
LYSC_CHICK_26,LAAAMKRHGLDNY
LYSC_CHICK_27,AAAMKRHGLDNYR
LYSC_CHICK_28,AAMKRHGLDNYRG
LYSC_CHICK_29,AMKRHGLDNYRGY
LYSC_CHICK_30,MKRHGLDNYRGYS
LYSC_CHICK_31,KRHGLDNYRGYSL
LYSC_CHICK_32,RHGLDNYRGYSLG
LYSC_CHICK_33,HGLDNYRGYSLGN
LYSC_CHICK_34,GLDNYRGYSLGNW
LYSC_CHICK_35,LDNYRGYSLGNWV
LYSC_CHICK_36,DNYRGYSLGNWVC
LYSC_CHICK_37,NYRGYSLGNWVCA
LYSC_CHICK_38,YRGYSLGNWVCAA
LYSC_CHICK_39,RGYSLGNWVCAAK
LYSC_CHICK_40,GYSLGNWVCAAKF
LYSC_CHICK_41,YSLGNWVCAAKFE
LYSC_CHICK_42,SLGNWVCAAKFES
LYSC_CHICK_43,LGNWVCAAKFESN
LYSC_CHICK_44,GNWVCAAKFESNF
LYSC_CHICK_45,NWVCAAKFESNFN
LYSC_CHICK_46,WVCAAKFESNFNT
LYSC_CHICK_47,VCAAKFESNFNTQ
LYSC_CHICK_48,CAAKFESNFNTQA
LYSC_CHICK_49,AAKFESNFNTQAT
LYSC_CHICK_50,AKFESNFNTQATN
LYSC_CHICK_51,KFESNFNTQATNR
LYSC_CHICK_52,FESNFNTQATNRN
LYSC_CHICK_53,ESNFNTQATNRNT
LYSC_CHICK_54,SNFNTQATNRNTD
LYSC_CHICK_55,NFNTQATNRNTDG
LYSC_CHICK_56,FNTQATNRNTDGS
LYSC_CHICK_57,NTQATNRNTDGST
LYSC_CHICK_58,TQATNRNTDGSTD
LYSC_CHICK_59,QATNRNTDGSTDY
LYSC_CHICK_60,ATNRNTDGSTDYG
LYSC_CHICK_61,TNRNTDGSTDYGI
LYSC_CHICK_62,NRNTDGSTDYGIL
LYSC_CHICK_63,RNTDGSTDYGILQ
LYSC_CHICK_64,NTDGSTDYGILQI
LYSC_CHICK_65,TDGSTDYGILQIN
LYSC_CHICK_66,DGSTDYGILQINS
LYSC_CHICK_67,GSTDYGILQINSR
LYSC_CHICK_68,STDYGILQINSRW
LYSC_CHICK_69,TDYGILQINSRWW
LYSC_CHICK_70,DYGILQINSRWWC
LYSC_CHICK_71,YGILQINSRWWCN
LYSC_CHICK_72,GILQINSRWWCND
LYSC_CHICK_73,ILQINSRWWCNDG
LYSC_CHICK_74,LQINSRWWCNDGR
LYSC_CHICK_75,QINSRWWCNDGRT
LYSC_CHICK_76,INSRWWCNDGRTP
LYSC_CHICK_77,NSRWWCNDGRTPG
LYSC_CHICK_78,SRWWCNDGRTPGS
LYSC_CHICK_79,RWWCNDGRTPGSR
LYSC_CHICK_80,WWCNDGRTPGSRN
LYSC_CHICK_81,WCNDGRTPGSRNL
LYSC_CHICK_82,CNDGRTPGSRNLC
LYSC_CHICK_83,NDGRTPGSRNLCN
LYSC_CHICK_84,DGRTPGSRNLCNI
LYSC_CHICK_85,GRTPGSRNLCNIP
LYSC_CHICK_86,RTPGSRNLCNIPC
LYSC_CHICK_87,TPGSRNLCNIPCS
LYSC_CHICK_88,PGSRNLCNIPCSA
LYSC_CHICK_89,GSRNLCNIPCSAL
LYSC_CHICK_90,SRNLCNIPCSALL
LYSC_CHICK_91,RNLCNIPCSALLS
LYSC_CHICK_92,NLCNIPCSALLSS
LYSC_CHICK_93,LCNIPCSALLSSD
LYSC_CHICK_94,CNIPCSALLSSDI
LYSC_CHICK_95,NIPCSALLSSDIT
LYSC_CHICK_96,IPCSALLSSDITA
LYSC_CHICK_97,PCSALLSSDITAS
LYSC_CHICK_98,CSALLSSDITASV
LYSC_CHICK_99,SALLSSDITASVN
LYSC_CHICK_100,ALLSSDITASVNC
LYSC_CHICK_101,LLSSDITASVNCA
LYSC_CHICK_102,LSSDITASVNCAK
LYSC_CHICK_103,SSDITASVNCAKK
LYSC_CHICK_104,SDITASVNCAKKI
LYSC_CHICK_105,DITASVNCAKKIV
LYSC_CHICK_106,ITASVNCAKKIVS
LYSC_CHICK_107,TASVNCAKKIVSD
LYSC_CHICK_108,ASVNCAKKIVSDG
LYSC_CHICK_109,SVNCAKKIVSDGN
LYSC_CHICK_110,VNCAKKIVSDGNG
LYSC_CHICK_111,NCAKKIVSDGNGM
LYSC_CHICK_112,CAKKIVSDGNGMN
LYSC_CHICK_113,AKKIVSDGNGMNA
LYSC_CHICK_114,KKIVSDGNGMNAW
LYSC_CHICK_115,KIVSDGNGMNAWV
LYSC_CHICK_116,IVSDGNGMNAWVA
LYSC_CHICK_117,VSDGNGMNAWVAW
LYSC_CHICK_118,SDGNGMNAWVAWR
LYSC_CHICK_119,DGNGMNAWVAWRN
LYSC_CHICK_120,GNGMNAWVAWRNR
LYSC_CHICK_121,NGMNAWVAWRNRC
LYSC_CHICK_122,GMNAWVAWRNRCK
LYSC_CHICK_123,MNAWVAWRNRCKG
LYSC_CHICK_124,NAWVAWRNRCKGT
LYSC_CHICK_125,AWVAWRNRCKGTD
LYSC_CHICK_126,WVAWRNRCKGTDV
LYSC_CHICK_127,VAWRNRCKGTDVQ
LYSC_CHICK_128,AWRNRCKGTDVQA
LYSC_CHICK_129,WRNRCKGTDVQAW
LYSC_CHICK_130,RNRCKGTDVQAWI
LYSC_CHICK_131,NRCKGTDVQAWIR
LYSC_CHICK_132,RCKGTDVQAWIRG
LYSC_CHICK_133,CKGTDVQAWIRGC
LYSC_CHICK_134,KGTDVQAWIRGCR
LYSC_CHICK_135,GTDVQAWIRGCRL
187_1,MKNKVTDAQMQKM
187_2,KNKVTDAQMQKMG
187_3,NKVTDAQMQKMGW
187_4,KVTDAQMQKMGWK
187_5,VTDAQMQKMGWKS
187_6,TDAQMQKMGWKSY
187_7,DAQMQKMGWKSYN
187_8,AQMQKMGWKSYNL
187_9,QMQKMGWKSYNLN
187_10,MQKMGWKSYNLND
187_11,QKMGWKSYNLNDL
187_12,KMGWKSYNLNDLN
187_13,MGWKSYNLNDLNN
187_14,GWKSYNLNDLNNC
187_15,WKSYNLNDLNNCI
187_16,KSYNLNDLNNCIK
187_17,SYNLNDLNNCIKK
187_18,YNLNDLNNCIKKF
187_19,NLNDLNNCIKKFG
187_20,LNDLNNCIKKFGI
187_21,NDLNNCIKKFGIN
187_22,DLNNCIKKFGINT
187_23,LNNCIKKFGINTV
187_24,NNCIKKFGINTVK
187_25,NCIKKFGINTVKR
187_26,CIKKFGINTVKRI
187_27,IKKFGINTVKRIR
187_28,KKFGINTVKRIRH
187_29,KFGINTVKRIRHF
187_30,FGINTVKRIRHFI
187_31,GINTVKRIRHFIA
187_32,INTVKRIRHFIAQ
187_33,NTVKRIRHFIAQC
187_34,TVKRIRHFIAQCS
187_35,VKRIRHFIAQCSH
187_36,KRIRHFIAQCSHE
187_37,RIRHFIAQCSHES
187_38,IRHFIAQCSHESA
187_39,RHFIAQCSHESAL
187_40,HFIAQCSHESALG
187_41,FIAQCSHESALGR
187_42,IAQCSHESALGRY
187_43,AQCSHESALGRYT
187_44,QCSHESALGRYTQ
187_45,CSHESALGRYTQE
187_46,SHESALGRYTQEL
187_47,HESALGRYTQELG
187_48,ESALGRYTQELGG
187_49,SALGRYTQELGGP
187_50,ALGRYTQELGGPS
187_51,LGRYTQELGGPSY
187_52,GRYTQELGGPSYC
187_53,RYTQELGGPSYCS
187_54,YTQELGGPSYCSK
187_55,TQELGGPSYCSKY
187_56,QELGGPSYCSKYD
187_57,ELGGPSYCSKYDG
187_58,LGGPSYCSKYDGR
187_59,GGPSYCSKYDGRR
187_60,GPSYCSKYDGRRD
187_61,PSYCSKYDGRRDL
187_62,SYCSKYDGRRDLG
187_63,YCSKYDGRRDLGN
187_64,CSKYDGRRDLGNT
187_65,SKYDGRRDLGNTQ
187_66,KYDGRRDLGNTQK
187_67,YDGRRDLGNTQKG
187_68,DGRRDLGNTQKGD
187_69,GRRDLGNTQKGDG
187_70,RRDLGNTQKGDGC
187_71,RDLGNTQKGDGCK
187_72,DLGNTQKGDGCKF
187_73,LGNTQKGDGCKFK
187_74,GNTQKGDGCKFKG
187_75,NTQKGDGCKFKGA
187_76,TQKGDGCKFKGAG
187_77,QKGDGCKFKGAGY
187_78,KGDGCKFKGAGYI
187_79,GDGCKFKGAGYIQ
187_80,DGCKFKGAGYIQL
187_81,GCKFKGAGYIQLT
187_82,CKFKGAGYIQLTG
187_83,KFKGAGYIQLTGR
187_84,FKGAGYIQLTGRY
187_85,KGAGYIQLTGRYN
187_86,GAGYIQLTGRYNY
187_87,AGYIQLTGRYNYQ
187_88,GYIQLTGRYNYQQ
187_89,YIQLTGRYNYQQF
187_90,IQLTGRYNYQQFA
187_91,QLTGRYNYQQFAN
187_92,LTGRYNYQQFANY
187_93,TGRYNYQQFANYI
187_94,GRYNYQQFANYIK
187_95,RYNYQQFANYIKD
187_96,YNYQQFANYIKDK
187_97,NYQQFANYIKDKR
187_98,YQQFANYIKDKRV
187_99,QQFANYIKDKRVM
187_100,QFANYIKDKRVME
187_101,FANYIKDKRVMEG
187_102,ANYIKDKRVMEGV
187_103,NYIKDKRVMEGVS
187_104,YIKDKRVMEGVSY
187_105,IKDKRVMEGVSYV
187_106,KDKRVMEGVSYVS
187_107,DKRVMEGVSYVSK
187_108,KRVMEGVSYVSKK
187_109,RVMEGVSYVSKKY
187_110,VMEGVSYVSKKYP
187_111,MEGVSYVSKKYPW
187_112,EGVSYVSKKYPWT
187_113,GVSYVSKKYPWTS
187_114,VSYVSKKYPWTSA
187_115,SYVSKKYPWTSAG
187_116,YVSKKYPWTSAGF
187_117,VSKKYPWTSAGFW
187_118,SKKYPWTSAGFWW
187_119,KKYPWTSAGFWWN
187_120,KYPWTSAGFWWNK
187_121,YPWTSAGFWWNKN
187_122,PWTSAGFWWNKNG
187_123,WTSAGFWWNKNGM
187_124,TSAGFWWNKNGMN
187_125,SAGFWWNKNGMNK
187_126,AGFWWNKNGMNKL
187_127,GFWWNKNGMNKLC
187_128,FWWNKNGMNKLCD
187_129,WWNKNGMNKLCDS
187_130,WNKNGMNKLCDSG
187_131,NKNGMNKLCDSGA
187_132,KNGMNKLCDSGAS
187_133,NGMNKLCDSGASV
187_134,GMNKLCDSGASVE
187_135,MNKLCDSGASVEV
187_136,NKLCDSGASVEVI
187_137,KLCDSGASVEVIT
187_138,LCDSGASVEVITK
187_139,CDSGASVEVITKR
187_140,DSGASVEVITKRV
187_141,SGASVEVITKRVN
187_142,GASVEVITKRVNG
187_143,ASVEVITKRVNGG
187_144,SVEVITKRVNGGY
187_145,VEVITKRVNGGYN
187_146,EVITKRVNGGYNG
187_147,VITKRVNGGYNGL
187_148,ITKRVNGGYNGLA
187_149,TKRVNGGYNGLAD
187_150,KRVNGGYNGLADR
187_151,RVNGGYNGLADRK
187_152,VNGGYNGLADRKK
187_153,NGGYNGLADRKKY
187_154,GGYNGLADRKKYY
187_155,GYNGLADRKKYYQ
187_156,YNGLADRKKYYQR
187_157,NGLADRKKYYQRA
187_158,GLADRKKYYQRAC
187_159,LADRKKYYQRACG
187_160,ADRKKYYQRACGI
187_161,DRKKYYQRACGIF
187_162,RKKYYQRACGIFK
